Public,art/libdexfile/external/include/art_api/dex_file_external.h
Public,art/libdexfile/external/include/art_api/dex_file_support.h
Public,bionic/libc/async_safe/include/async_safe/log.h
Public,bionic/libc/include/android/set_abort_message.h
Public,bionic/libc/platform/bionic/pac.h
Public,external/fmtlib/include/fmt/chrono.h
Public,external/fmtlib/include/fmt/core.h
Public,external/fmtlib/include/fmt/format.h
Public,external/fmtlib/include/fmt/locale.h
Public,external/fmtlib/include/fmt/ostream.h
Public,external/fmtlib/include/fmt/printf.h
Public,frameworks/native/libs/binder/include/binder/Binder.h
Public,frameworks/native/libs/binder/include/binder/BpBinder.h
Public,frameworks/native/libs/binder/include/binder/Enums.h
Public,frameworks/native/libs/binder/include/binder/IBinder.h
Public,frameworks/native/libs/binder/include/binder/IInterface.h
Public,frameworks/native/libs/binder/include/binder/Parcel.h
Public,frameworks/native/libs/binder/include/binder/ParcelFileDescriptor.h
Public,frameworks/native/libs/binder/include/binder/Parcelable.h
Public,frameworks/native/libs/binder/include/binder/ProcessState.h
Public,frameworks/native/libs/binder/include/binder/RpcCertificateFormat.h
Public,frameworks/native/libs/binder/include/binder/RpcServer.h
Public,frameworks/native/libs/binder/include/binder/RpcSession.h
Public,frameworks/native/libs/binder/include/binder/RpcTransport.h
Public,frameworks/native/libs/binder/include/binder/RpcTransportRaw.h
Public,frameworks/native/libs/binder/include/binder/Stability.h
Public,frameworks/native/libs/binder/include/binder/Status.h
Public,system/core/libcutils/include/cutils/native_handle.h
Public,system/core/libcutils/native_handle.cpp
Public,system/core/libsystem/include/system/graphics-base-v1.0.h
Public,system/core/libsystem/include/system/graphics-base-v1.1.h
Public,system/core/libsystem/include/system/graphics-base-v1.2.h
Public,system/core/libsystem/include/system/graphics-base.h
Public,system/core/libsystem/include/system/graphics-sw.h
Public,system/core/libsystem/include/system/graphics.h
Public,system/core/libsystem/include/system/thread_defs.h
Public,system/core/libutils/CallStack.cpp
Public,system/core/libutils/Errors.cpp
Public,system/core/libutils/LightRefBase.cpp
Public,system/core/libutils/Printer.cpp
Public,system/core/libutils/RefBase.cpp
Public,system/core/libutils/SharedBuffer.cpp
Public,system/core/libutils/SharedBuffer.h
Public,system/core/libutils/String16.cpp
Public,system/core/libutils/String8.cpp
Public,system/core/libutils/StrongPointer.cpp
Public,system/core/libutils/Timers.cpp
Public,system/core/libutils/Unicode.cpp
Public,system/core/libutils/VectorImpl.cpp
Public,system/core/libutils/include/utils/AndroidThreads.h
Public,system/core/libutils/include/utils/CallStack.h
Public,system/core/libutils/include/utils/Compat.h
Public,system/core/libutils/include/utils/Condition.h
Public,system/core/libutils/include/utils/Errors.h
Public,system/core/libutils/include/utils/Flattenable.h
Public,system/core/libutils/include/utils/KeyedVector.h
Public,system/core/libutils/include/utils/LightRefBase.h
Public,system/core/libutils/include/utils/Log.h
Public,system/core/libutils/include/utils/Mutex.h
Public,system/core/libutils/include/utils/Printer.h
Public,system/core/libutils/include/utils/RWLock.h
Public,system/core/libutils/include/utils/RefBase.h
Public,system/core/libutils/include/utils/SortedVector.h
Public,system/core/libutils/include/utils/String16.h
Public,system/core/libutils/include/utils/String8.h
Public,system/core/libutils/include/utils/StrongPointer.h
Public,system/core/libutils/include/utils/Thread.h
Public,system/core/libutils/include/utils/ThreadDefs.h
Public,system/core/libutils/include/utils/Timers.h
Public,system/core/libutils/include/utils/TypeHelpers.h
Public,system/core/libutils/include/utils/Unicode.h
Public,system/core/libutils/include/utils/Vector.h
Public,system/core/libutils/include/utils/VectorImpl.h
Public,system/core/libutils/include/utils/threads.h
Public,system/libbase/file.cpp
Public,system/libbase/include/android-base/errno_restorer.h
Public,system/libbase/include/android-base/expected.h
Public,system/libbase/include/android-base/file.h
Public,system/libbase/include/android-base/format.h
Public,system/libbase/include/android-base/logging.h
Public,system/libbase/include/android-base/macros.h
Public,system/libbase/include/android-base/off64_t.h
Public,system/libbase/include/android-base/parseint.h
Public,system/libbase/include/android-base/result.h
Public,system/libbase/include/android-base/stringprintf.h
Public,system/libbase/include/android-base/strings.h
Public,system/libbase/include/android-base/threads.h
Public,system/libbase/include/android-base/unique_fd.h
Public,system/libbase/include/android-base/utf8.h
Public,system/libbase/logging.cpp
Public,system/libbase/logging_splitters.h
Public,system/libbase/stringprintf.cpp
Public,system/libbase/strings.cpp
Public,system/libbase/threads.cpp
Public,system/libbase/utf8.cpp
Public,system/libprocinfo/include/procinfo/process_map.h
Public,system/logging/liblog/include/android/log.h
Public,system/logging/liblog/include/log/log.h
Public,system/logging/liblog/include/log/log_event_list.h
Public,system/logging/liblog/include/log/log_id.h
Public,system/logging/liblog/include/log/log_main.h
Public,system/logging/liblog/include/log/log_radio.h
Public,system/logging/liblog/include/log/log_safetynet.h
Public,system/logging/liblog/include/log/log_system.h
Public,system/logging/liblog/include/log/log_time.h
Public,system/logging/liblog/include/private/android_logger.h
Public,system/logging/liblog/log_event_list.cpp
Public,system/logging/liblog/log_time.cpp
Public,system/unwinding/libbacktrace/Backtrace.cpp
Public,system/unwinding/libbacktrace/BacktraceAsyncSafeLog.h
Public,system/unwinding/libbacktrace/BacktraceCurrent.cpp
Public,system/unwinding/libbacktrace/BacktraceCurrent.h
Public,system/unwinding/libbacktrace/BacktraceLog.h
Public,system/unwinding/libbacktrace/BacktraceMap.cpp
Public,system/unwinding/libbacktrace/BacktracePtrace.cpp
Public,system/unwinding/libbacktrace/BacktracePtrace.h
Public,system/unwinding/libbacktrace/ThreadEntry.cpp
Public,system/unwinding/libbacktrace/ThreadEntry.h
Public,system/unwinding/libbacktrace/UnwindStack.cpp
Public,system/unwinding/libbacktrace/UnwindStack.h
Public,system/unwinding/libbacktrace/UnwindStackMap.cpp
Public,system/unwinding/libbacktrace/UnwindStackMap.h
Public,system/unwinding/libbacktrace/include/backtrace/Backtrace.h
Public,system/unwinding/libbacktrace/include/backtrace/BacktraceMap.h
Public,system/unwinding/libbacktrace/include/backtrace/backtrace_constants.h
Public,system/unwinding/libunwindstack/ArmExidx.cpp
Public,system/unwinding/libunwindstack/ArmExidx.h
Public,system/unwinding/libunwindstack/Check.h
Public,system/unwinding/libunwindstack/DexFile.cpp
Public,system/unwinding/libunwindstack/DexFile.h
Public,system/unwinding/libunwindstack/DexFiles.cpp
Public,system/unwinding/libunwindstack/DwarfCfa.cpp
Public,system/unwinding/libunwindstack/DwarfCfa.h
Public,system/unwinding/libunwindstack/DwarfDebugFrame.h
Public,system/unwinding/libunwindstack/DwarfEhFrame.h
Public,system/unwinding/libunwindstack/DwarfEhFrameWithHdr.cpp
Public,system/unwinding/libunwindstack/DwarfEhFrameWithHdr.h
Public,system/unwinding/libunwindstack/DwarfEncoding.h
Public,system/unwinding/libunwindstack/DwarfMemory.cpp
Public,system/unwinding/libunwindstack/DwarfOp.cpp
Public,system/unwinding/libunwindstack/DwarfOp.h
Public,system/unwinding/libunwindstack/DwarfSection.cpp
Public,system/unwinding/libunwindstack/Elf.cpp
Public,system/unwinding/libunwindstack/ElfInterface.cpp
Public,system/unwinding/libunwindstack/ElfInterfaceArm.cpp
Public,system/unwinding/libunwindstack/ElfInterfaceArm.h
Public,system/unwinding/libunwindstack/Global.cpp
Public,system/unwinding/libunwindstack/GlobalDebugImpl.h
Public,system/unwinding/libunwindstack/JitDebug.cpp
Public,system/unwinding/libunwindstack/MapInfo.cpp
Public,system/unwinding/libunwindstack/Maps.cpp
Public,system/unwinding/libunwindstack/Memory.cpp
Public,system/unwinding/libunwindstack/MemoryBuffer.h
Public,system/unwinding/libunwindstack/MemoryCache.h
Public,system/unwinding/libunwindstack/MemoryFileAtOffset.h
Public,system/unwinding/libunwindstack/MemoryLocal.h
Public,system/unwinding/libunwindstack/MemoryOffline.h
Public,system/unwinding/libunwindstack/MemoryOfflineBuffer.h
Public,system/unwinding/libunwindstack/MemoryRange.h
Public,system/unwinding/libunwindstack/MemoryRemote.h
Public,system/unwinding/libunwindstack/MemoryXz.cpp
Public,system/unwinding/libunwindstack/MemoryXz.h
Public,system/unwinding/libunwindstack/Regs.cpp
Public,system/unwinding/libunwindstack/RegsArm.cpp
Public,system/unwinding/libunwindstack/RegsArm64.cpp
Public,system/unwinding/libunwindstack/RegsInfo.h
Public,system/unwinding/libunwindstack/RegsMips.cpp
Public,system/unwinding/libunwindstack/RegsMips64.cpp
Public,system/unwinding/libunwindstack/RegsX86.cpp
Public,system/unwinding/libunwindstack/RegsX86_64.cpp
Public,system/unwinding/libunwindstack/Symbols.cpp
Public,system/unwinding/libunwindstack/Symbols.h
Public,system/unwinding/libunwindstack/Unwinder.cpp
Public,system/unwinding/libunwindstack/include/unwindstack/Arch.h
Public,system/unwinding/libunwindstack/include/unwindstack/DexFiles.h
Public,system/unwinding/libunwindstack/include/unwindstack/DwarfError.h
Public,system/unwinding/libunwindstack/include/unwindstack/DwarfLocation.h
Public,system/unwinding/libunwindstack/include/unwindstack/DwarfMemory.h
Public,system/unwinding/libunwindstack/include/unwindstack/DwarfSection.h
Public,system/unwinding/libunwindstack/include/unwindstack/DwarfStructs.h
Public,system/unwinding/libunwindstack/include/unwindstack/Elf.h
Public,system/unwinding/libunwindstack/include/unwindstack/ElfInterface.h
Public,system/unwinding/libunwindstack/include/unwindstack/Error.h
Public,system/unwinding/libunwindstack/include/unwindstack/Global.h
Public,system/unwinding/libunwindstack/include/unwindstack/JitDebug.h
Public,system/unwinding/libunwindstack/include/unwindstack/Log.h
Public,system/unwinding/libunwindstack/include/unwindstack/MachineArm.h
Public,system/unwinding/libunwindstack/include/unwindstack/MachineArm64.h
Public,system/unwinding/libunwindstack/include/unwindstack/MachineMips.h
Public,system/unwinding/libunwindstack/include/unwindstack/MachineMips64.h
Public,system/unwinding/libunwindstack/include/unwindstack/MachineX86.h
Public,system/unwinding/libunwindstack/include/unwindstack/MachineX86_64.h
Public,system/unwinding/libunwindstack/include/unwindstack/MapInfo.h
Public,system/unwinding/libunwindstack/include/unwindstack/Maps.h
Public,system/unwinding/libunwindstack/include/unwindstack/Memory.h
Public,system/unwinding/libunwindstack/include/unwindstack/Regs.h
Public,system/unwinding/libunwindstack/include/unwindstack/RegsArm.h
Public,system/unwinding/libunwindstack/include/unwindstack/RegsArm64.h
Public,system/unwinding/libunwindstack/include/unwindstack/RegsGetLocal.h
Public,system/unwinding/libunwindstack/include/unwindstack/RegsMips.h
Public,system/unwinding/libunwindstack/include/unwindstack/RegsMips64.h
Public,system/unwinding/libunwindstack/include/unwindstack/RegsX86.h
Public,system/unwinding/libunwindstack/include/unwindstack/RegsX86_64.h
Public,system/unwinding/libunwindstack/include/unwindstack/SharedString.h
Public,system/unwinding/libunwindstack/include/unwindstack/UcontextArm.h
Public,system/unwinding/libunwindstack/include/unwindstack/UcontextArm64.h
Public,system/unwinding/libunwindstack/include/unwindstack/UcontextMips.h
Public,system/unwinding/libunwindstack/include/unwindstack/UcontextMips64.h
Public,system/unwinding/libunwindstack/include/unwindstack/UcontextX86.h
Public,system/unwinding/libunwindstack/include/unwindstack/UcontextX86_64.h
Public,system/unwinding/libunwindstack/include/unwindstack/Unwinder.h
Public,system/unwinding/libunwindstack/include/unwindstack/UserArm.h
Public,system/unwinding/libunwindstack/include/unwindstack/UserArm64.h
Public,system/unwinding/libunwindstack/include/unwindstack/UserMips.h
Public,system/unwinding/libunwindstack/include/unwindstack/UserMips64.h
Public,system/unwinding/libunwindstack/include/unwindstack/UserX86.h
Public,system/unwinding/libunwindstack/include/unwindstack/UserX86_64.h
Private,bionic/libc/kernel/uapi/linux/android/binder.h
Private,frameworks/native/libs/binder/Binder.cpp
Private,frameworks/native/libs/binder/BpBinder.cpp
Private,frameworks/native/libs/binder/BufferedTextOutput.cpp
Private,frameworks/native/libs/binder/BufferedTextOutput.h
Private,frameworks/native/libs/binder/Debug.cpp
Private,frameworks/native/libs/binder/Debug.h
Private,frameworks/native/libs/binder/FdTrigger.cpp
Private,frameworks/native/libs/binder/FdTrigger.h
Private,frameworks/native/libs/binder/IInterface.cpp
Private,frameworks/native/libs/binder/IPCThreadState.cpp
Private,frameworks/native/libs/binder/IPermissionController.cpp
Private,frameworks/native/libs/binder/IResultReceiver.cpp
Private,frameworks/native/libs/binder/IServiceManager.cpp
Private,frameworks/native/libs/binder/IShellCallback.cpp
Private,frameworks/native/libs/binder/Parcel.cpp
Private,frameworks/native/libs/binder/ParcelFileDescriptor.cpp
Private,frameworks/native/libs/binder/ProcessState.cpp
Private,frameworks/native/libs/binder/RpcServer.cpp
Private,frameworks/native/libs/binder/RpcSession.cpp
Private,frameworks/native/libs/binder/RpcSocketAddress.h
Private,frameworks/native/libs/binder/RpcState.cpp
Private,frameworks/native/libs/binder/RpcState.h
Private,frameworks/native/libs/binder/RpcTransportRaw.cpp
Private,frameworks/native/libs/binder/RpcWireFormat.h
Private,frameworks/native/libs/binder/ServiceManagerHost.cpp
Private,frameworks/native/libs/binder/ServiceManagerHost.h
Private,frameworks/native/libs/binder/Stability.cpp
Private,frameworks/native/libs/binder/Static.cpp
Private,frameworks/native/libs/binder/Static.h
Private,frameworks/native/libs/binder/Status.cpp
Private,frameworks/native/libs/binder/TextOutput.cpp
Private,frameworks/native/libs/binder/Utils.cpp
Private,frameworks/native/libs/binder/Utils.h
Private,frameworks/native/libs/binder/UtilsHost.cpp
Private,frameworks/native/libs/binder/UtilsHost.h
Private,frameworks/native/libs/binder/binder_module.h
Private,frameworks/native/libs/binder/include/binder/IPCThreadState.h
Private,frameworks/native/libs/binder/include/binder/IPermissionController.h
Private,frameworks/native/libs/binder/include/binder/IResultReceiver.h
Private,frameworks/native/libs/binder/include/binder/IServiceManager.h
Private,frameworks/native/libs/binder/include/binder/IShellCallback.h
Private,frameworks/native/libs/binder/include/binder/TextOutput.h
Private,frameworks/native/libs/binder/vm_sockets.h
Private,system/core/libcutils/include/cutils/android_filesystem_config.h
Private,system/core/libcutils/include/cutils/ashmem.h
Private,system/core/libcutils/include/cutils/atomic.h
Private,system/core/libcutils/include/cutils/compiler.h
Private,system/core/libcutils/include/cutils/properties.h
Private,system/core/libcutils/include/cutils/sched_policy.h
Private,system/core/libcutils/properties.cpp
Private,system/core/libprocessgroup/include/processgroup/processgroup.h
Private,system/core/libprocessgroup/include/processgroup/sched_policy.h
Private,system/core/libprocessgroup/processgroup.cpp
Private,system/core/libprocessgroup/sched_policy.cpp
Private,system/core/libutils/SystemClock.cpp
Private,system/core/libutils/include/utils/Endian.h
Private,system/core/libutils/include/utils/SystemClock.h
Private,system/core/libutils/include/utils/misc.h
Private,system/core/libutils/misc.cpp
Private,system/core/libvndksupport/include/vndksupport/linker.h
Private,system/core/libvndksupport/linker.cpp
Private,system/libbase/hex.cpp
Private,system/libbase/include/android-base/hex.h
Private,system/libbase/include/android-base/parsebool.h
Private,system/libbase/include/android-base/properties.h
Private,system/libbase/include/android-base/scopeguard.h
Private,system/libbase/parsebool.cpp
Private,system/libbase/properties.cpp
